id,fname,lname,age,cid
1,Tara,Morrison,34,4
2,Frederick,Morrison,35,4
3,Jessica,Miller,30,8
4,Paige,Crawford,32,6
5,Naomi,Elliott,36,4
6,Stuart,Bennett,37,9
7,Tiana,Higgins,32,3
8,Amelia,Hall,34,6
9,Aida,Campbell,34,9
10,Mike,Casey,30,3
11,Adam,Kelley,40,4
12,Lucia,Kelly,39,1
13,Robert,Ryan,32,6
14,Adam,Brooks,39,3
15,Valeria,Bailey,33,10
16,Miller,Alexander,30,2
17,Lenny,Moore,30,3
18,Victor,Walker,30,10
19,Frederick,Phillips,32,2
20,Maya,Harris,37,6
21,Natalie,Morris,30,4
22,Harold,Clark,39,9
23,Frederick,Gibson,39,7
24,Darcy,Rogers,39,3
25,Rafael,Barrett,40,6
26,Ada,Cameron,32,6
27,Julian,Ferguson,30,8
28,Samantha,Morgan,39,3
29,Valeria,Phillips,34,8
30,Dominik,Cunningham,38,6
31,Lily,Holmes,32,2
32,Dexter,Howard,39,9
33,Cherry,Reed,33,5
34,Gianna,Holmes,33,7
35,Eric,Robinson,30,6
36,Tess,Bennett,39,1
37,Sabrina,Ferguson,40,9
38,Sabrina,Cole,33,4
39,Julia,Stewart,33,10
40,James,West,34,8
41,Ryan,Roberts,34,7
42,Emma,Robinson,33,9
43,Aldus,Carter,32,7
44,Olivia,Gibson,36,2
45,Adison,Martin,31,7
46,Edwin,Howard,36,1
47,Frederick,Foster,36,7
48,Cadie,Ferguson,32,1
49,Aston,Kelley,36,5
50,David,Richards,39,7
51,Naomi,Barnes,39,5
52,Violet,Sullivan,37,6
53,Antony,Andrews,38,4
54,Savana,Hawkins,38,9
55,Darcy,Brooks,35,3
56,Alen,Barrett,37,4
57,Alexander,Wilson,40,7
58,Edgar,Davis,36,3
59,Chelsea,Grant,35,7
60,Vanessa,Payne,34,8
61,Samantha,Harris,34,7
62,Dominik,Morrison,38,7
63,Brooke,Johnston,32,6
64,Joyce,Hawkins,38,6
65,Julia,Johnson,31,4
66,Arthur,Jones,33,2
67,Eddy,Harris,37,3
68,Alen,Clark,31,6
69,Blake,Stewart,36,3
70,Derek,Andrews,40,7
71,Adam,Johnston,35,2
72,Maria,Morgan,30,8
73,Jacob,Murphy,32,8
74,Aston,Holmes,38,4
75,Stella,Bennett,36,3
76,Arianna,Perkins,34,1
77,Haris,Brooks,33,4
78,Chester,Walker,32,1
79,Steven,Nelson,37,6
80,Wilson,Henderson,40,7
81,Paul,Wilson,31,9
82,Dominik,Grant,35,6
83,Adelaide,Andrews,37,4
84,Maya,Anderson,39,7
85,David,Johnston,33,5
86,Adelaide,Carroll,32,5
87,Brooke,Williams,35,2
88,Eric,Payne,32,1
89,Eric,Smith,39,3
90,Lucia,Dixon,30,5
91,Melissa,Cooper,36,10
92,Kellan,Hall,32,9
93,Kellan,Wells,39,9
94,Kirsten,Williams,39,6
95,Eric,Tucker,40,3
96,Roman,Tucker,40,2
97,Rosie,Mitchell,31,2
98,Andrew,Bennett,37,10
99,Daniel,Davis,30,2
100,Edward,Armstrong,38,1
101,Dainton,Dixon,36,10
102,Sophia,Cole,35,5
103,Tyler,Stewart,38,8
104,Joyce,Allen,39,4
105,Rafael,Richardson,32,6
106,James,Ryan,34,7
107,Eleanor,Stewart,33,1
108,Aiden,Baker,36,9
109,Lily,Scott,37,9
110,Darcy,Cunningham,40,7
111,Eric,Evans,36,7
112,Lana,Payne,38,10
113,Adison,Payne,35,7
114,Miley,Anderson,32,3
115,Caroline,Gray,37,5
116,Charlie,Foster,38,3
117,Arthur,Wells,35,4
118,Edgar,Ellis,31,2
119,Eddy,Crawford,30,6
120,Owen,Watson,33,3
121,Andrew,Stewart,32,1
122,Jacob,Grant,37,10
123,Marcus,Adams,35,1
124,Elian,Howard,30,7
125,James,Sullivan,35,5
126,Alen,Bennett,35,9
127,Carlos,Scott,40,2
128,Elian,Murphy,37,8
129,Adison,Wright,31,6
130,Luke,Cole,30,4
131,Sydney,Scott,35,5
132,Thomas,Casey,38,6
133,Jenna,Warren,35,1
134,William,Smith,32,1
135,Derek,Ferguson,36,3
136,Naomi,Foster,38,7
137,Kevin,Andrews,37,10
138,Alexander,Montgomery,39,9
139,Harold,Howard,33,1
140,Freddie,Andrews,34,4
141,Briony,Clark,39,2
142,Sophia,Turner,40,6
143,Natalie,Carroll,31,3
144,Briony,Douglas,33,9
145,Darcy,Myers,31,6
146,Edgar,Bailey,38,8
147,Max,Campbell,30,5
148,Samantha,Hawkins,36,3
149,Adam,Rogers,40,10
150,Stuart,Hawkins,30,6
151,Ellia,Harper,39,5
152,Alford,Brooks,31,9
153,Rosie,Brown,37,5
154,Anna,Allen,34,6
155,Carl,Richardson,32,9
156,Brad,Murray,32,5
157,Briony,Sullivan,40,4
158,Elise,Cole,32,9
159,Julia,Adams,39,6
160,Kristian,Rogers,30,6
161,Spike,Carter,32,10
162,Ada,Armstrong,33,7
163,Sawyer,Hawkins,39,8
164,Samantha,Stevens,37,5
165,Mike,Campbell,36,8
166,Dainton,Myers,34,7
167,Lucas,Martin,35,1
168,Elian,Edwards,33,1
169,Spike,Phillips,33,10
170,Henry,Gibson,39,10
171,Kelvin,Carroll,38,2
172,Ellia,Howard,32,5
173,Valeria,Turner,38,9
174,Violet,Adams,39,10
175,Michelle,Bennett,35,4
176,Haris,Davis,40,9
177,Amanda,Carter,37,1
178,Julian,Bennett,35,2
179,Emma,Hill,35,4
180,Arnold,Bennett,37,8
181,Jacob,Miller,36,4
182,Michael,Cunningham,34,10
183,Eric,Riley,39,8
184,Chester,Evans,33,5
185,Haris,Watson,39,6
186,Adelaide,Fowler,30,7
187,Preston,Bailey,36,10
188,Lana,Riley,38,4
189,Byron,Cameron,32,6
190,Audrey,Hall,34,4
191,Blake,Perry,39,9
192,Adrianna,West,35,3
193,Sawyer,Phillips,38,9
194,Carl,Mitchell,37,8
195,Haris,Miller,32,6
196,Charlotte,Hamilton,34,3
197,Adrian,Craig,31,10
198,Darcy,Johnston,37,9
199,Sam,Morris,38,9
200,Lyndon,Fowler,35,10